{"_type":"export","__export_format":4,"__export_date":"2022-04-27T07:47:30.994Z","__export_source":"insomnia.desktop.app:v2022.2.1","resources":[{"_id":"req_ffb0cda8109b4ebb9ae4d9c60af9f04e","parentId":"fld_699ad4742a7b4473af742b99e2c98580","modified":1651045279955,"created":1650886016728,"url":"http://localhost:3000/api/v0.0/users/","name":"users","description":"","method":"POST","body":{"mimeType":"application/json","text":"{\n\t\"id\": 1,\n\t\"name\": \"Danielillo\",\n\t\"password\": \"abc123.\"\n}"},"parameters":[],"headers":[{"name":"Content-Type","value":"application/json","id":"pair_da36ef83988c46ce95380ce2f66c39d3"}],"authentication":{},"metaSortKey":-1650886016729,"isPrivate":false,"settingStoreCookies":true,"settingSendCookies":true,"settingDisableRenderRequestBody":false,"settingEncodeUrl":true,"settingRebuildPath":true,"settingFollowRedirects":"global","_type":"request"},{"_id":"fld_699ad4742a7b4473af742b99e2c98580","parentId":"fld_0d350a7f6dac42dc86372742f566925e","modified":1650885994907,"created":1650885994907,"name":"users","description":"","environment":{},"environmentPropertyOrder":null,"metaSortKey":-1650885994907,"_type":"request_group"},{"_id":"fld_0d350a7f6dac42dc86372742f566925e","parentId":"wrk_9e7febc692494c55b2afa9fa6b9c2a99","modified":1650541290778,"created":1650541290778,"name":"Localhost","description":"","environment":{},"environmentPropertyOrder":null,"metaSortKey":-1650534947657,"_type":"request_group"},{"_id":"wrk_9e7febc692494c55b2afa9fa6b9c2a99","parentId":null,"modified":1650529886661,"created":1650529886661,"name":"New Document","description":"","scope":"design","_type":"workspace"},{"_id":"req_90dfd658e1fa4f4c85eb0e6bb7dde2bf","parentId":"fld_a7d4e574af2441afb34ff83823f479cb","modified":1651045286600,"created":1650541290783,"url":"http://localhost:3000/api/v0.0/task/","name":"task","description":"","method":"POST","body":{"mimeType":"application/json","text":"{\n\t\t\"id\": 1,\n\t\t\"description\": \"Mercar leite\",\n\t\t\"done\": false\n}"},"parameters":[],"headers":[{"name":"Content-Type","value":"application/json","id":"pair_eae37515d1294167b0a3b8d8c279803e"}],"authentication":{"type":"basic","useISO88591":false,"disabled":false,"username":"Danielillo","password":"abc123."},"metaSortKey":-1650532417572.5,"isPrivate":false,"settingStoreCookies":true,"settingSendCookies":true,"settingDisableRenderRequestBody":false,"settingEncodeUrl":true,"settingRebuildPath":true,"settingFollowRedirects":"global","_type":"request"},{"_id":"fld_a7d4e574af2441afb34ff83823f479cb","parentId":"fld_0d350a7f6dac42dc86372742f566925e","modified":1650885980608,"created":1650885980608,"name":"tasks","description":"","environment":{},"environmentPropertyOrder":null,"metaSortKey":-1650885980608,"_type":"request_group"},{"_id":"req_440f26c17a9e44a1af3e1804e63d105a","parentId":"fld_a7d4e574af2441afb34ff83823f479cb","modified":1651045289923,"created":1650972141787,"url":"http://localhost:3000/api/v0.0/task/","name":"task sin autenticar","description":"","method":"POST","body":{"mimeType":"application/json","text":"{\n\t\t\"id\": 1,\n\t\t\"description\": \"Mercar leite\",\n\t\t\"done\": false\n}"},"parameters":[],"headers":[{"name":"Content-Type","value":"application/json","id":"pair_eae37515d1294167b0a3b8d8c279803e"}],"authentication":{},"metaSortKey":-1650532417560,"isPrivate":false,"settingStoreCookies":true,"settingSendCookies":true,"settingDisableRenderRequestBody":false,"settingEncodeUrl":true,"settingRebuildPath":true,"settingFollowRedirects":"global","_type":"request"},{"_id":"req_e56083b360704f9099ed711267d6294f","parentId":"fld_a7d4e574af2441afb34ff83823f479cb","modified":1651045303771,"created":1651043880855,"url":"http://localhost:3000/api/v0.0/task/","name":"task autenticacion no Basic","description":"","method":"POST","body":{"mimeType":"application/json","text":"{\n\t\t\"id\": 1,\n\t\t\"description\": \"Mercar leite\",\n\t\t\"done\": false\n}"},"parameters":[],"headers":[{"name":"Content-Type","value":"application/json","id":"pair_eae37515d1294167b0a3b8d8c279803e"}],"authentication":{"type":"digest","disabled":false,"username":"Daniel","password":"abc123."},"metaSortKey":-1650532417553.75,"isPrivate":false,"settingStoreCookies":true,"settingSendCookies":true,"settingDisableRenderRequestBody":false,"settingEncodeUrl":true,"settingRebuildPath":true,"settingFollowRedirects":"global","_type":"request"},{"_id":"req_9dc816a0df704c29ae3fdecec3969bab","parentId":"fld_a7d4e574af2441afb34ff83823f479cb","modified":1651045349017,"created":1650541290802,"url":"http://localhost:3000/api/v0.0/tasks/","name":"tasks","description":"","method":"GET","body":{"mimeType":"application/json","text":"{\n\t\t\"id\": 1,\n\t\t\"description\": \"Mercar leite\",\n\t\t\"done\": false\n}"},"parameters":[],"headers":[{"name":"Content-Type","value":"application/json","id":"pair_eae37515d1294167b0a3b8d8c279803e"}],"authentication":{"type":"basic","useISO88591":false,"disabled":false,"username":"Danielillo","password":"abc123."},"metaSortKey":-1650532417547.5,"isPrivate":false,"settingStoreCookies":true,"settingSendCookies":true,"settingDisableRenderRequestBody":false,"settingEncodeUrl":true,"settingRebuildPath":true,"settingFollowRedirects":"global","_type":"request"},{"_id":"req_733e038cff214d16b55824df07436f76","parentId":"fld_a7d4e574af2441afb34ff83823f479cb","modified":1651045330755,"created":1650541290791,"url":"http://localhost:3000/api/v0.0/task/","name":"task","description":"","method":"PUT","body":{"mimeType":"application/json","text":"{\n\t\t\"id\": 1,\n\t\t\"description\": \"Mercar galletas\",\n\t\t\"done\": false\n}"},"parameters":[],"headers":[{"name":"Content-Type","value":"application/json","id":"pair_eae37515d1294167b0a3b8d8c279803e"}],"authentication":{"type":"basic","useISO88591":false,"disabled":false,"username":"Danielillo","password":"abc123."},"metaSortKey":-1650532417535,"isPrivate":false,"settingStoreCookies":true,"settingSendCookies":true,"settingDisableRenderRequestBody":false,"settingEncodeUrl":true,"settingRebuildPath":true,"settingFollowRedirects":"global","_type":"request"},{"_id":"req_c6d93dabd9474250a0756eace23fa1bc","parentId":"fld_a7d4e574af2441afb34ff83823f479cb","modified":1651045344280,"created":1650541290797,"url":"http://localhost:3000/api/v0.0/task/","name":"task","description":"","method":"DELETE","body":{"mimeType":"application/json","text":"{\n\t\t\"id\": 1\n}"},"parameters":[],"headers":[{"name":"Content-Type","value":"application/json","id":"pair_eae37515d1294167b0a3b8d8c279803e"}],"authentication":{"type":"basic","useISO88591":false,"disabled":false,"username":"Danielillo","password":"abc123."},"metaSortKey":-1650532417522.5,"isPrivate":false,"settingStoreCookies":true,"settingSendCookies":true,"settingDisableRenderRequestBody":false,"settingEncodeUrl":true,"settingRebuildPath":true,"settingFollowRedirects":"global","_type":"request"},{"_id":"env_92939f56bed05879da63d15cf44708ddf7928375","parentId":"wrk_9e7febc692494c55b2afa9fa6b9c2a99","modified":1650529886766,"created":1650529886766,"name":"Base Environment","data":{},"dataPropertyOrder":null,"color":null,"isPrivate":false,"metaSortKey":1650529886766,"_type":"environment"},{"_id":"jar_92939f56bed05879da63d15cf44708ddf7928375","parentId":"wrk_9e7febc692494c55b2afa9fa6b9c2a99","modified":1650529886815,"created":1650529886815,"name":"Default Jar","cookies":[],"_type":"cookie_jar"},{"_id":"spc_c165b8c73f044071b6606d507a278755","parentId":"wrk_9e7febc692494c55b2afa9fa6b9c2a99","modified":1650541381411,"created":1650529886741,"fileName":"Tasks backend","contents":"","contentType":"yaml","_type":"api_spec"},{"_id":"uts_67d4b00e85e44b858448c99d6ebbc23b","parentId":"wrk_9e7febc692494c55b2afa9fa6b9c2a99","modified":1650529886844,"created":1650529886844,"name":"Example Test Suite","_type":"unit_test_suite"}]}